{
  "zjmc_8c": "王者荣耀",
  "zjtp_35": "https://game.gtimg.cn/images/yxzj/wtc_static_yxzj/images/116-mobileskin-1_7216258.jpg",
  "yllb_38": [
    {
      "gqmc_45": "Main theme",
      "gsmc_9e": "Hans zimmer",
      "gqsc_14": "03：35",
      "gq_db": "https://game.gtimg.cn/images/yxzj/wtc_static_yxzj/audios/1.Main_theme_496183.mp3"
    },
    {
      "gqmc_45": "First war",
      "gsmc_9e": "Hans zimmer",
      "gqsc_14": "01：29",
      "gq_db": "https://game.gtimg.cn/images/yxzj/wtc_static_yxzj/audios/2.First_war_4977232.mp3"
    },
    {
      "gqmc_45": "Second war",
      "gsmc_9e": "Hans zimmer",
      "gqsc_14": "01：32",
      "gq_db": "https://game.gtimg.cn/images/yxzj/wtc_static_yxzj/audios/3.Second_war_4988179.mp3"
    },
    {
      "gqmc_45": "Big creature",
      "gsmc_9e": "Hans zimmer",
      "gqsc_14": "02：07",
      "gq_db": "https://game.gtimg.cn/images/yxzj/wtc_static_yxzj/audios/4.Big_creature_500632.mp3"
    },
    {
      "gqmc_45": "Our hero is back",
      "gsmc_9e": "Jeff Broadbent",
      "gqsc_14": "03：02",
      "gq_db": "https://game.gtimg.cn/images/yxzj/wtc_static_yxzj/audios/5.Our_hero_is_back_5028103.mp3"
    },
    {
      "gqmc_45": "The back ground story",
      "gsmc_9e": "Jeff Broadbent",
      "gqsc_14": "00：40",
      "gq_db": "https://game.gtimg.cn/images/yxzj/wtc_static_yxzj/audios/6.The_back_ground_story_5041500.mp3"
    },
    {
      "gqmc_45": "Summoner",
      "gsmc_9e": "Jeff Broadbent",
      "gqsc_14": "03：06",
      "gq_db": "https://game.gtimg.cn/images/yxzj/wtc_static_yxzj/audios/7.Summoner_8671675.mp3"
    },
    {
      "gqmc_45": "Volcano",
      "gsmc_9e": "Duncan watt",
      "gqsc_14": "01：41",
      "gq_db": "https://game.gtimg.cn/images/yxzj/wtc_static_yxzj/audios/8.Volcano_8708193.mp3"
    },
    {
      "gqmc_45": "Forest",
      "gsmc_9e": "赵鸿飞",
      "gqsc_14": "01：31",
      "gq_db": "https://game.gtimg.cn/images/yxzj/wtc_static_yxzj/audios/9.Forest_8725484.mp3"
    },
    {
      "gqmc_45": "Desert",
      "gsmc_9e": "Duncan watt",
      "gqsc_14": "01：47",
      "gq_db": "https://game.gtimg.cn/images/yxzj/wtc_static_yxzj/audios/10.Desert_8747653.mp3"
    },
    {
      "gqmc_45": "Relic",
      "gsmc_9e": "赵鸿飞",
      "gqsc_14": "01：29",
      "gq_db": "https://game.gtimg.cn/images/yxzj/wtc_static_yxzj/audios/11.Relic_8833736.mp3"
    },
    {
      "gqmc_45": "Let's play again",
      "gsmc_9e": "Hans zimmer",
      "gqsc_14": "00：43",
      "gq_db": "https://game.gtimg.cn/images/yxzj/wtc_static_yxzj/audios/12.Let's_play_again_5146706.mp3"
    }
  ],
  "zjrq_97": "2017.04.25"
}