[
  {
    "url": "//pvp.qq.com/act/a20171009pj/index.html?ADTAG=pvp.storyweb",
    "title": "甄姬-游园惊梦",
    "img": "//ossweb-img.qq.com/upload/webplat/info/yxzj/20171015/649361423293457.jpg"
  },
  {
    "url": "//pvp.qq.com/cp/a20171009dyzr/index.html?ADTAG=pvp.storyweb",
    "title": "太乙真人-饕餮",
    "img": "//ossweb-img.qq.com/upload/webplat/info/yxzj/20171013/9735637977837.jpg"
  },
  {
    "url": "https://pvp.qq.com/cp/a20170915diaucharn/index.html?ADTAG=pvp.storyweb",
    "title": "貂蝉-仲夏夜之梦",
    "img": "//ossweb-img.qq.com/upload/webplat/info/yxzj/20170925/61817703892896.jpg"
  },
  {
    "url": "//pvp.qq.com/act/a20170824school/index.html?ADTAG=pvp.storyweb",
    "title": "诸葛亮-黄金分割率",
    "img": "//ossweb-img.qq.com/upload/webplat/info/yxzj/20170830/51092366952309.jpg"
  },
  {
    "url": "//pvp.qq.com/act/a20170809tlz/index.htm?ADTAG=pvp.storyweb",
    "title": "兰陵王-暗隐猎兽者",
    "img": "//ossweb-img.qq.com/upload/webplat/info/yxzj/20170816/891031135782096.jpg"
  },
  {
    "url": "//pvp.qq.com/cp/a20170626kingsummer/index.html?ADTAG=pvp.a20170626kingsummer.yx.story",
    "title": "夏侯惇-乘风破浪",
    "img": "//ossweb-img.qq.com/upload/webplat/info/yxzj/20170629/64815972326758.jpg"
  },
  {
    "url": "//pvp.qq.com/act/a20170622shj/index.htm?ADTAG=pvp.a20170622shj.yx.story",
    "title": "白起-狰",
    "img": "//ossweb-img.qq.com/upload/webplat/info/yxzj/20171010/43133598185701.jpg"
  },
  {
    "url": "//pvp.qq.com/act/a20170525hxzmzy/index.shtml?ADTAG=pvp.a20170525hxzmzy.yx.story",
    "title": "韩信-逐梦之影",
    "img": "//ossweb-img.qq.com/upload/webplat/info/yxzj/20170608/3533553434845.jpg"
  },
  {
    "url": "//pvp.qq.com/act/a20170516xxg/index.htm",
    "title": "刘邦-德古拉伯爵",
    "img": "//ossweb-img.qq.com/upload/webplat/info/yxzj/20170606/68123158533006.jpg"
  },
  {
    "url": "//pvp.qq.com/cp/a20160720aypf/index.html",
    "title": "妲己-热情桑巴",
    "img": "//ossweb-img.qq.com/upload/webplat/info/yxzj/20170526/331411366129517.jpg"
  },
  {
    "url": "//pvp.qq.com/cp/a20160808hxpf/index.htm",
    "title": "韩信-白龙吟",
    "img": "//ossweb-img.qq.com/upload/webplat/info/yxzj/20170526/559001387094781.jpg"
  },
  {
    "url": "//pvp.qq.com/act/a20170417llz/index.htm?ADTAG=pvp.a20170417llz.yx.story",
    "title": "花木兰-水晶猎龙者",
    "img": "//ossweb-img.qq.com/upload/webplat/info/yxzj/20170526/497791548107.jpg"
  },
  {
    "url": "https://pvp.qq.com/cp/a20170207zzb/index.htm?ADTAG=pvp.a20170207zzb.yx.story",
    "title": "孙悟空-至尊宝",
    "img": "//ossweb-img.qq.com/upload/webplat/info/yxzj/20170503/587861493456381.jpg"
  },
  {
    "url": "https://pvp.qq.com/webplat/info/news_version3/15592/18024/23901/23903/m15564/201701/548806.shtml",
    "title": "王昭君-凤凰于飞",
    "img": "//ossweb-img.qq.com/upload/webplat/info/yxzj/20170503/49040938163565.jpg"
  },
  {
    "url": "https://pvp.qq.com/act/a20160816ssx/index.htm?ADTAG=pvp.a20160816ssx.yx.story",
    "title": "孙尚香-末日机甲",
    "img": "//ossweb-img.qq.com/upload/webplat/info/yxzj/20170503/3462673932421.jpg"
  },
  {
    "url": "https://pvp.qq.com/act/a20160512lvbuskin/",
    "title": "吕布-末日机甲",
    "img": "//ossweb-img.qq.com/upload/webplat/info/yxzj/20170503/84324593224374.jpg"
  },
  {
    "url": "https://pvp.qq.com/cp/a20161019gy/index.htm?ADTAG=pvp.a20161019gy.yx.story",
    "title": "关羽-冰锋战神",
    "img": "//ossweb-img.qq.com/upload/webplat/info/yxzj/20170503/59860823781819.jpg"
  },
  {
    "url": "https://pvp.qq.com/cp/a20160602eyeofhell/",
    "title": "宫本武藏-地狱之眼",
    "img": "//ossweb-img.qq.com/upload/webplat/info/yxzj/20170503/50128197776560.jpg"
  },
  {
    "url": "https://pvp.qq.com/cp/a20161124show/index.htm?ADTAG=pvp.a20161124show.yx.story",
    "title": "貂蝉-逐梦之音",
    "img": "//ossweb-img.qq.com/upload/webplat/info/yxzj/20170503/394611315567600.jpg"
  },
  {
    "url": "https://pvp.qq.com/act/a20170227zybm/index.htm?ADTAG=pvp.a20170227zybm.yx.story",
    "title": "赵云-引擎之心",
    "img": "//ossweb-img.qq.com/upload/webplat/info/yxzj/20170503/86404446261287.jpg"
  },
  {
    "url": "https://pvp.qq.com/cp/a20160923bwbj/index.htm?ADTAG=pvp.a20160923bwbj.yx.story",
    "title": "霸王别姬",
    "img": "//ossweb-img.qq.com/upload/webplat/info/yxzj/20170503/493881155704925.jpg"
  }
]