{
  "dhty_e9": [
    {
      "YXMC_8f": "东皇太一",
      "yxlx_32": "0",
      "yxid_a7": "187"
    },
    {
      "YXMC_8f": "周瑜",
      "yxlx_32": "3",
      "yxid_a7": "124"
    },
    {
      "YXMC_8f": "阿轲",
      "yxlx_32": "2",
      "yxid_a7": "116"
    },
    {
      "YXMC_8f": "安琪拉",
      "yxlx_32": "3",
      "yxid_a7": "142"
    },
    {
      "YXMC_8f": "白起",
      "yxlx_32": "0",
      "yxid_a7": "120"
    },
    {
      "YXMC_8f": "扁鹊",
      "yxlx_32": "3",
      "yxid_a7": "119"
    },
    {
      "YXMC_8f": "蔡文姬",
      "yxlx_32": "5",
      "yxid_a7": "184"
    },
    {
      "YXMC_8f": "曹操",
      "yxlx_32": "1",
      "yxid_a7": "128"
    },
    {
      "YXMC_8f": "成吉思汗",
      "yxlx_32": "4",
      "yxid_a7": "177"
    },
    {
      "YXMC_8f": "达摩",
      "yxlx_32": "1",
      "yxid_a7": "134"
    },
    {
      "YXMC_8f": "妲己",
      "yxlx_32": "3",
      "yxid_a7": "109"
    },
    {
      "YXMC_8f": "大乔",
      "yxlx_32": "5",
      "yxid_a7": "191"
    },
    {
      "YXMC_8f": "狄仁杰",
      "yxlx_32": "4",
      "yxid_a7": "133"
    },
    {
      "YXMC_8f": "典韦",
      "yxlx_32": "1",
      "yxid_a7": "129"
    },
    {
      "YXMC_8f": "貂蝉",
      "yxlx_32": "3",
      "yxid_a7": "141"
    },
    {
      "YXMC_8f": "高渐离",
      "yxlx_32": "3",
      "yxid_a7": "115"
    },
    {
      "YXMC_8f": "宫本武藏",
      "yxlx_32": "1",
      "yxid_a7": "130"
    },
    {
      "YXMC_8f": "关羽",
      "yxlx_32": "1",
      "yxid_a7": "140"
    },
    {
      "YXMC_8f": "韩信",
      "yxlx_32": "2",
      "yxid_a7": "150"
    },
    {
      "YXMC_8f": "后羿",
      "yxlx_32": "4",
      "yxid_a7": "169"
    },
    {
      "YXMC_8f": "花木兰",
      "yxlx_32": "1",
      "yxid_a7": "154"
    },
    {
      "YXMC_8f": "姜子牙",
      "yxlx_32": "3",
      "yxid_a7": "148"
    },
    {
      "YXMC_8f": "兰陵王",
      "yxlx_32": "2",
      "yxid_a7": "153"
    },
    {
      "YXMC_8f": "老夫子",
      "yxlx_32": "1",
      "yxid_a7": "139"
    },
    {
      "YXMC_8f": "李白",
      "yxlx_32": "2",
      "yxid_a7": "131"
    },
    {
      "YXMC_8f": "廉颇",
      "yxlx_32": "0",
      "yxid_a7": "105"
    },
    {
      "YXMC_8f": "刘邦",
      "yxlx_32": "0",
      "yxid_a7": "149"
    },
    {
      "YXMC_8f": "刘备",
      "yxlx_32": "1",
      "yxid_a7": "170"
    },
    {
      "YXMC_8f": "刘禅",
      "yxlx_32": "0",
      "yxid_a7": "114"
    },
    {
      "YXMC_8f": "鲁班七号",
      "yxlx_32": "4",
      "yxid_a7": "112"
    },
    {
      "YXMC_8f": "露娜",
      "yxlx_32": "3",
      "yxid_a7": "146"
    },
    {
      "YXMC_8f": "吕布",
      "yxlx_32": "1",
      "yxid_a7": "123"
    },
    {
      "YXMC_8f": "马可波罗",
      "yxlx_32": "4",
      "yxid_a7": "132"
    },
    {
      "YXMC_8f": "芈月",
      "yxlx_32": "3",
      "yxid_a7": "121"
    },
    {
      "YXMC_8f": "墨子",
      "yxlx_32": "0",
      "yxid_a7": "108"
    },
    {
      "YXMC_8f": "牛魔",
      "yxlx_32": "0",
      "yxid_a7": "168"
    },
    {
      "YXMC_8f": "孙膑",
      "yxlx_32": "5",
      "yxid_a7": "118"
    },
    {
      "YXMC_8f": "孙尚香",
      "yxlx_32": "4",
      "yxid_a7": "111"
    },
    {
      "YXMC_8f": "孙悟空",
      "yxlx_32": "2",
      "yxid_a7": "167"
    },
    {
      "YXMC_8f": "王昭君",
      "yxlx_32": "3",
      "yxid_a7": "152"
    },
    {
      "YXMC_8f": "武则天",
      "yxlx_32": "3",
      "yxid_a7": "136"
    },
    {
      "YXMC_8f": "夏侯惇",
      "yxlx_32": "1",
      "yxid_a7": "126"
    },
    {
      "YXMC_8f": "项羽",
      "yxlx_32": "0",
      "yxid_a7": "135"
    },
    {
      "YXMC_8f": "小乔",
      "yxlx_32": "3",
      "yxid_a7": "106"
    },
    {
      "YXMC_8f": "雅典娜",
      "yxlx_32": "1",
      "yxid_a7": "183"
    },
    {
      "YXMC_8f": "亚瑟",
      "yxlx_32": "1",
      "yxid_a7": "166"
    },
    {
      "YXMC_8f": "嬴政",
      "yxlx_32": "3",
      "yxid_a7": "110"
    },
    {
      "YXMC_8f": "虞姬",
      "yxlx_32": "4",
      "yxid_a7": "174"
    },
    {
      "YXMC_8f": "张飞",
      "yxlx_32": "0",
      "yxid_a7": "171"
    },
    {
      "YXMC_8f": "张良",
      "yxlx_32": "3",
      "yxid_a7": "156"
    },
    {
      "YXMC_8f": "赵云",
      "yxlx_32": "1",
      "yxid_a7": "107"
    },
    {
      "YXMC_8f": "甄姬",
      "yxlx_32": "3",
      "yxid_a7": "127"
    },
    {
      "YXMC_8f": "钟无艳",
      "yxlx_32": "1",
      "yxid_a7": "117"
    },
    {
      "YXMC_8f": "庄周",
      "yxlx_32": "5",
      "yxid_a7": "113"
    },
    {
      "YXMC_8f": "杨戬",
      "yxlx_32": "1",
      "yxid_a7": "178"
    },
    {
      "YXMC_8f": "太乙真人",
      "yxlx_32": "5",
      "yxid_a7": "186"
    },
    {
      "YXMC_8f": "哪吒",
      "yxlx_32": "1",
      "yxid_a7": "180"
    },
    {
      "YXMC_8f": "诸葛亮",
      "yxlx_32": "3",
      "yxid_a7": "190"
    },
    {
      "YXMC_8f": "黄忠",
      "yxlx_32": "4",
      "yxid_a7": "192"
    },
    {
      "YXMC_8f": "橘右京",
      "yxlx_32": "1",
      "yxid_a7": "163"
    },
    {
      "YXMC_8f": "娜可露露",
      "yxlx_32": "2",
      "yxid_a7": "162"
    },
    {
      "YXMC_8f": "不知火舞",
      "yxlx_32": "3",
      "yxid_a7": "157"
    },
    {
      "YXMC_8f": "程咬金",
      "yxlx_32": "0",
      "yxid_a7": "144"
    },
    {
      "YXMC_8f": "干将莫邪",
      "yxlx_32": "3",
      "yxid_a7": "182"
    },
    {
      "YXMC_8f": "钟馗",
      "yxlx_32": "3",
      "yxid_a7": "175"
    },
    {
      "YXMC_8f": "李元芳",
      "yxlx_32": "4",
      "yxid_a7": "173"
    }
  ]
}