[
  {
    "time": "375年前至今",
    "url": "//pvp.qq.com/webplat/info/news_version3/15592/18024/23901/24878/24883/24901/m15564/201607/482175.shtml",
    "id": "482175",
    "title": "王者时代",
    "img": "//game.gtimg.cn/images/yxzj/act/a20160510story/idx_pic1.jpg"
  },
  {
    "time": "距今1500年前",
    "url": "//pvp.qq.com/webplat/info/news_version3/15592/18024/23901/24878/24882/24899/m15564/201607/482168.shtml",
    "id": "482168",
    "title": "太古时代末",
    "img": "//game.gtimg.cn/images/yxzj/act/a20160510story/idx_pic2.jpg"
  },
  {
    "time": "距今4000年前",
    "url": "//pvp.qq.com/webplat/info/news_version3/15592/18024/23901/24878/24881/24897/m15564/201607/482154.shtml",
    "id": "482154",
    "title": "太古时代始",
    "img": "//game.gtimg.cn/images/yxzj/act/a20160510story/idx_pic3.jpg"
  },
  {
    "time": "距今1.6W年前",
    "url": "//pvp.qq.com/webplat/info/news_version3/15592/18024/23901/24878/24880/24895/m15564/201607/482143.shtml",
    "id": "482143",
    "title": "湮灭时代",
    "img": "//game.gtimg.cn/images/yxzj/act/a20160510story/idx_pic4.jpg"
  },
  {
    "time": "距今180W年前",
    "url": "//pvp.qq.com/webplat/info/news_version3/15592/18024/23901/24878/24879/24893/m15564/201607/482129.shtml",
    "id": "482129",
    "title": "地球时代",
    "img": "//game.gtimg.cn/images/yxzj/act/a20160510story/idx_pic5.jpg"
  }
]