[
  {
    "title": "王者时代",
    "infourl": "/webplat/info/news_version3/15592/18024/23901/24878/24883/24901/m15564/201607/482175.shtml",
    "subcontent": "",
    "TypeId": "24901",
    "InfoId": "482175",
    "num": "1"
  },
  {
    "title": "诸国并立",
    "infourl": "/webplat/info/news_version3/15592/18024/23901/24878/24883/24902/m15564/201607/482177.shtml",
    "subcontent": "",
    "TypeId": "24902",
    "InfoId": "482177",
    "num": "1"
  },
  {
    "title": "稷下学院",
    "infourl": "/webplat/info/news_version3/15592/18024/23901/24878/24883/24902/m15564/201607/482179.shtml",
    "subcontent": "",
    "TypeId": "24902",
    "InfoId": "482179",
    "num": "2"
  },
  {
    "title": "血族之乱",
    "infourl": "/webplat/info/news_version3/15592/18024/23901/24878/24883/24902/m15564/201607/482180.shtml",
    "subcontent": "",
    "TypeId": "24902",
    "InfoId": "482180",
    "num": "3"
  },
  {
    "title": "赤壁之战",
    "infourl": "/webplat/info/news_version3/15592/18024/23901/24878/24883/24902/m15564/201607/482181.shtml",
    "subcontent": "",
    "TypeId": "24902",
    "InfoId": "482181",
    "num": "4"
  },
  {
    "title": "长安危机",
    "infourl": "/webplat/info/news_version3/15592/18024/23901/24878/24883/24902/m15564/201607/482182.shtml",
    "subcontent": "",
    "TypeId": "24902",
    "InfoId": "482182",
    "num": "5"
  }
]